genre,month_year,score
Electronic,1999-01,6.85
Electronic,1999-02,7.825
Electronic,1999-03,7.8
Electronic,1999-04,6.353333333333334
Electronic,1999-05,6.025
Electronic,1999-06,6.997222222222223
Electronic,1999-07,5.975
Electronic,1999-08,7.15
Electronic,1999-09,5.925000000000001
Electronic,1999-10,6.9
Electronic,1999-11,5.533333333333334
Electronic,1999-12,7.1000000000000005
Electronic,2000-01,7.066666666666666
Electronic,2000-02,7.062500000000001
Electronic,2000-03,7.37
Electronic,2000-04,7.083333333333333
Electronic,2000-05,8.286666666666667
Electronic,2000-06,6.625
Electronic,2000-07,7.5375
Electronic,2000-08,7.32
Electronic,2000-09,6.37
Electronic,2000-10,7.472222222222224
Electronic,2000-11,6.75
Electronic,2000-12,7.166666666666667
Electronic,2001-01,5.3
Electronic,2001-02,5.616666666666667
Electronic,2001-03,7.25
Electronic,2001-04,7.639999999999999
Electronic,2001-05,7.361111111111112
Electronic,2001-06,7.9875
Electronic,2001-07,6.1
Electronic,2001-08,7.2
Electronic,2001-09,6.3
Electronic,2001-10,6.935714285714288
Electronic,2001-11,7.009090909090909
Electronic,2001-12,7.159090909090909
Electronic,2002-01,6.3238095238095235
Electronic,2002-02,7.720000000000001
Electronic,2002-03,6.827272727272728
Electronic,2002-04,6.496428571428571
Electronic,2002-05,6.638095238095238
Electronic,2002-06,7.318181818181818
Electronic,2002-07,6.500000000000001
Electronic,2002-08,7.0590909090909095
Electronic,2002-09,6.918181818181819
Electronic,2002-10,7.679166666666666
Electronic,2002-11,6.685714285714285
Electronic,2002-12,7.3625
Electronic,2003-01,6.224358974358974
Electronic,2003-02,7.157598039215686
Electronic,2003-03,6.96875
Electronic,2003-04,6.3208333333333355
Electronic,2003-05,6.674242424242423
Electronic,2003-06,6.792982456140351
Electronic,2003-07,6.122222222222223
Electronic,2003-08,6.872619047619047
Electronic,2003-09,7.200000000000001
Electronic,2003-10,7.385416666666666
Electronic,2003-11,6.804166666666666
Electronic,2003-12,7.691666666666666
Electronic,2004-01,7.005208333333333
Electronic,2004-02,7.326190476190476
Electronic,2004-03,6.815384615384616
Electronic,2004-04,7.532291666666666
Electronic,2004-05,7.082051282051281
Electronic,2004-06,6.873076923076923
Electronic,2004-07,7.420833333333333
Electronic,2004-08,6.816666666666667
Electronic,2004-09,6.808333333333334
Electronic,2004-10,7.223958333333334
Electronic,2004-11,6.923333333333333
Electronic,2004-12,6.734999999999999
Electronic,2005-01,7.964285714285714
Electronic,2005-02,7.169791666666667
Electronic,2005-03,6.376041666666667
Electronic,2005-04,6.6717708333333325
Electronic,2005-05,6.802222222222222
Electronic,2005-06,7.12051282051282
Electronic,2005-07,7.487179487179487
Electronic,2005-08,6.57
Electronic,2005-09,6.767708333333334
Electronic,2005-10,7.2846153846153845
Electronic,2005-11,7.226923076923077
Electronic,2005-12,7.5200000000000005
Electronic,2006-01,6.561538461538461
Electronic,2006-02,6.828571428571428
Electronic,2006-03,6.828571428571427
Electronic,2006-04,6.915151515151515
Electronic,2006-05,7.059375
Electronic,2006-06,6.628888888888889
Electronic,2006-07,6.511111111111113
Electronic,2006-08,7.220833333333332
Electronic,2006-09,7.082142857142856
Electronic,2006-10,7.165384615384615
Electronic,2006-11,6.718181818181819
Electronic,2006-12,6.9071428571428575
Electronic,2007-01,7.374999999999999
Electronic,2007-02,6.955555555555557
Electronic,2007-03,7.194444444444445
Electronic,2007-04,6.282142857142858
Electronic,2007-05,6.591111111111112
Electronic,2007-06,6.766666666666666
Electronic,2007-07,6.286666666666666
Electronic,2007-08,6.9192307692307695
Electronic,2007-09,6.470000000000001
Electronic,2007-10,6.353846153846154
Electronic,2007-11,6.891666666666667
Electronic,2007-12,6.9750000000000005
Electronic,2008-01,6.452083333333333
Electronic,2008-02,6.983333333333333
Electronic,2008-03,7.202380952380953
Electronic,2008-04,6.696153846153845
Electronic,2008-05,7.085000000000001
Electronic,2008-06,6.6921875
Electronic,2008-07,6.296153846153846
Electronic,2008-08,6.1866666666666665
Electronic,2008-09,5.946153846153846
Electronic,2008-10,7.445454545454546
Electronic,2008-11,6.804545454545456
Electronic,2008-12,7.177777777777777
Electronic,2009-01,6.552222222222222
Electronic,2009-02,6.209999999999999
Electronic,2009-03,6.451041666666666
Electronic,2009-04,6.373529411764706
Electronic,2009-05,6.8199999999999985
Electronic,2009-06,6.465555555555555
Electronic,2009-07,6.703846153846154
Electronic,2009-08,6.419230769230769
Electronic,2009-09,6.704545454545454
Electronic,2009-10,6.3566666666666665
Electronic,2009-11,6.879166666666666
Electronic,2009-12,7.175
Electronic,2010-01,6.67
Electronic,2010-02,7.098809523809526
Electronic,2010-03,6.600793650793651
Electronic,2010-04,7.102941176470588
Electronic,2010-05,6.788095238095238
Electronic,2010-06,7.116666666666666
Electronic,2010-07,6.834444444444444
Electronic,2010-08,7.203571428571428
Electronic,2010-09,6.601111111111112
Electronic,2010-10,7.274444444444445
Electronic,2010-11,6.53452380952381
Electronic,2010-12,7.214285714285714
Electronic,2011-01,6.690104166666668
Electronic,2011-02,6.647916666666666
Electronic,2011-03,7.084999999999999
Electronic,2011-04,6.8842592592592595
Electronic,2011-05,7.00897435897436
Electronic,2011-06,6.8578431372549025
Electronic,2011-07,6.867307692307692
Electronic,2011-08,7.216666666666667
Electronic,2011-09,7.070588235294117
Electronic,2011-10,6.767543859649123
Electronic,2011-11,7.025925925925926
Electronic,2011-12,6.716666666666668
Electronic,2012-01,6.894117647058825
Electronic,2012-02,6.682051282051281
Electronic,2012-03,6.627450980392157
Electronic,2012-04,6.934375000000001
Electronic,2012-05,6.9833333333333325
Electronic,2012-06,6.43974358974359
Electronic,2012-07,6.855555555555555
Electronic,2012-08,6.62
Electronic,2012-09,7.037179487179487
Electronic,2012-10,6.769444444444445
Electronic,2012-11,7.116666666666666
Electronic,2012-12,6.8999999999999995
Electronic,2013-01,6.836666666666665
Electronic,2013-02,6.889285714285714
Electronic,2013-03,6.902380952380952
Electronic,2013-04,6.846153846153846
Electronic,2013-05,7.266666666666667
Electronic,2013-06,7.0062500000000005
Electronic,2013-07,6.987878787878787
Electronic,2013-08,7.12948717948718
Electronic,2013-09,6.561538461538461
Electronic,2013-10,7.129411764705882
Electronic,2013-11,6.938888888888889
Electronic,2013-12,7.166666666666667
Electronic,2014-01,6.841666666666666
Electronic,2014-02,7.019444444444445
Electronic,2014-03,6.788888888888888
Electronic,2014-04,7.292857142857143
Electronic,2014-05,7.070512820512819
Electronic,2014-06,7.04375
Electronic,2014-07,6.89090909090909
Electronic,2014-08,6.979166666666667
Electronic,2014-09,6.876666666666668
Electronic,2014-10,6.711538461538461
Electronic,2014-11,6.744871794871795
Electronic,2014-12,6.89375
Electronic,2015-01,7.366666666666666
Electronic,2015-02,6.854166666666668
Electronic,2015-03,7.160714285714286
Electronic,2015-04,6.92
Electronic,2015-05,6.835416666666666
Electronic,2015-06,7.143333333333333
Electronic,2015-07,7.223611111111111
Electronic,2015-08,7.338888888888889
Electronic,2015-09,7.290625
Electronic,2015-10,6.869230769230768
Electronic,2015-11,7.3909090909090915
Electronic,2015-12,7.616666666666667
Electronic,2016-01,7.237499999999999
Electronic,2016-02,7.329761904761905
Electronic,2016-03,7.047058823529411
Electronic,2016-04,7.1187499999999995
Electronic,2016-05,7.115384615384617
Electronic,2016-06,6.3500000000000005
Electronic,2016-07,7.048333333333332
Electronic,2016-08,7.1425
Electronic,2016-09,7.303846153846153
Electronic,2016-10,7.215624999999999
Electronic,2016-11,7.025555555555555
Electronic,2016-12,6.877380952380953
Electronic,2017-01,7.296875000000001
Electronic,2017-02,7.170833333333332
Electronic,2017-03,7.326666666666665
Electronic,2017-04,6.98846153846154
Electronic,2017-05,7.3571428571428585
Electronic,2017-06,7.207894736842104
Electronic,2017-07,7.281372549019607
Electronic,2017-08,7.177272727272728
Electronic,2017-09,7.216666666666666
Electronic,2017-10,7.296666666666667
Electronic,2017-11,7.433333333333334
Electronic,2017-12,6.99
Electronic,2018-01,6.961538461538462
Electronic,2018-02,6.9923076923076914
Electronic,2018-03,7.176666666666667
Electronic,2018-04,7.3583333333333325
Electronic,2018-05,7.5249999999999995
Electronic,2018-06,7.0249999999999995
Electronic,2018-07,7.154444444444446
Electronic,2018-08,7.275
Electronic,2018-09,7.3500000000000005
Electronic,2018-10,7.366666666666667
Electronic,2018-11,7.2555555555555555
Electronic,2018-12,7.216666666666666
Electronic,2019-01,7.095454545454544
Electronic,2019-02,7.278125000000001
Electronic,2019-03,7.632142857142858
Electronic,2019-04,6.895833333333333
Electronic,2019-05,7.089999999999999
Electronic,2019-06,7.2281249999999995
Electronic,2019-07,7.284615384615384
Electronic,2019-08,7.25
Electronic,2019-09,7.405555555555555
Electronic,2019-10,7.433333333333334
Electronic,2019-11,7.334615384615383
Electronic,2019-12,7.533333333333334
Electronic,2020-01,7.054545454545456
Electronic,2020-02,7.15
Electronic,2020-03,7.190625
Electronic,2020-04,6.940909090909091
Electronic,2020-05,7.078571428571428
Electronic,2020-06,7.230555555555554
Electronic,2020-07,7.423333333333335
Electronic,2020-08,7.155151515151515
Electronic,2020-09,7.1923076923076925
Electronic,2020-10,7.581250000000001
Electronic,2020-11,7.409090909090907
Electronic,2020-12,7.299999999999999
Electronic,2021-01,7.316666666666666
Electronic,2021-02,7.406666666666666
Electronic,2021-03,7.165000000000001
Electronic,2021-04,7.336111111111111
Electronic,2021-05,7.301851851851852
Electronic,2021-06,7.4333333333333345
Electronic,2021-07,7.328571428571428
Electronic,2021-08,7.550000000000001
Electronic,2021-09,7.375
Electronic,2021-10,7.491666666666667
Electronic,2021-11,7.414285714285714
Electronic,2021-12,7.342857142857143
Experimental,1999-01,7.2
Experimental,1999-02,7.4
Experimental,1999-03,7.2
Experimental,1999-04,4.45
Experimental,1999-05,6.975
Experimental,1999-06,5.725
Experimental,1999-07,5.0
Experimental,1999-09,4.833333333333333
Experimental,1999-10,7.6
Experimental,1999-11,8.75
Experimental,2000-01,2.0
Experimental,2000-02,4.7
Experimental,2000-03,7.25
Experimental,2000-04,7.016666666666667
Experimental,2000-05,7.025
Experimental,2000-06,7.9
Experimental,2000-07,7.8
Experimental,2000-08,8.666666666666666
Experimental,2000-09,7.7
Experimental,2000-10,8.18
Experimental,2000-11,5.9
Experimental,2000-12,7.1
Experimental,2001-01,8.8
Experimental,2001-02,8.700000000000001
Experimental,2001-03,8.7
Experimental,2001-04,8.75
Experimental,2001-05,7.4
Experimental,2001-06,8.1
Experimental,2001-07,5.25
Experimental,2001-08,8.45
Experimental,2001-09,7.840000000000001
Experimental,2001-10,7.2
Experimental,2001-11,7.885714285714285
Experimental,2001-12,8.0
Experimental,2002-01,7.066666666666666
Experimental,2002-02,8.041666666666666
Experimental,2002-03,8.03
Experimental,2002-04,7.75
Experimental,2002-05,6.483333333333333
Experimental,2002-06,7.816666666666666
Experimental,2002-07,7.340000000000001
Experimental,2002-08,6.975
Experimental,2002-09,5.866666666666667
Experimental,2002-10,7.5851851851851855
Experimental,2002-11,7.428571428571429
Experimental,2002-12,7.3500000000000005
Experimental,2003-01,7.7250000000000005
Experimental,2003-02,7.28125
Experimental,2003-03,7.094444444444445
Experimental,2003-04,7.465000000000001
Experimental,2003-05,8.09375
Experimental,2003-06,7.554166666666666
Experimental,2003-07,7.5636363636363635
Experimental,2003-08,7.320000000000002
Experimental,2003-09,7.2250000000000005
Experimental,2003-10,7.593749999999999
Experimental,2003-11,7.566666666666666
Experimental,2003-12,7.8
Experimental,2004-01,7.739583333333333
Experimental,2004-02,7.890000000000001
Experimental,2004-03,7.594444444444444
Experimental,2004-04,7.721428571428571
Experimental,2004-05,7.292857142857143
Experimental,2004-06,7.036666666666666
Experimental,2004-07,7.595000000000001
Experimental,2004-08,7.574074074074073
Experimental,2004-09,7.983333333333334
Experimental,2004-10,7.200000000000002
Experimental,2004-11,7.858333333333334
Experimental,2004-12,7.65
Experimental,2005-01,5.828571428571428
Experimental,2005-02,7.516666666666666
Experimental,2005-03,7.25
Experimental,2005-04,6.95
Experimental,2005-05,7.50925925925926
Experimental,2005-06,6.892857142857143
Experimental,2005-07,6.790000000000001
Experimental,2005-08,7.038888888888888
Experimental,2005-09,7.404999999999999
Experimental,2005-10,7.541666666666667
Experimental,2005-11,7.54848484848485
Experimental,2005-12,7.39375
Experimental,2006-01,6.815625
Experimental,2006-02,7.199999999999999
Experimental,2006-03,7.28888888888889
Experimental,2006-04,7.278571428571429
Experimental,2006-05,7.221428571428571
Experimental,2006-06,7.805555555555555
Experimental,2006-07,6.557142857142858
Experimental,2006-08,7.699999999999999
Experimental,2006-09,7.5375000000000005
Experimental,2006-10,7.816666666666666
Experimental,2006-11,6.962499999999999
Experimental,2006-12,7.358333333333333
Experimental,2007-01,7.504166666666666
Experimental,2007-02,7.572727272727272
Experimental,2007-03,8.0
Experimental,2007-04,6.536363636363637
Experimental,2007-05,7.511111111111112
Experimental,2007-06,6.840000000000001
Experimental,2007-07,7.333333333333333
Experimental,2007-08,6.9375
Experimental,2007-09,7.749999999999999
Experimental,2007-10,7.359090909090909
Experimental,2007-11,6.82
Experimental,2007-12,8.266666666666667
Experimental,2008-01,7.511904761904762
Experimental,2008-02,7.5874999999999995
Experimental,2008-03,7.609999999999999
Experimental,2008-04,6.859999999999999
Experimental,2008-05,6.7562500000000005
Experimental,2008-06,7.2
Experimental,2008-07,6.98125
Experimental,2008-08,7.012499999999999
Experimental,2008-09,7.275000000000001
Experimental,2008-10,7.718333333333334
Experimental,2008-11,7.486666666666667
Experimental,2008-12,7.8500000000000005
Experimental,2009-01,7.172222222222222
Experimental,2009-02,6.309090909090909
Experimental,2009-03,6.9625
Experimental,2009-04,7.028571428571429
Experimental,2009-05,7.083333333333333
Experimental,2009-06,7.041666666666667
Experimental,2009-07,6.533333333333334
Experimental,2009-08,7.154545454545453
Experimental,2009-09,7.883333333333333
Experimental,2009-10,7.108333333333333
Experimental,2009-11,7.443749999999999
Experimental,2009-12,6.550000000000001
Experimental,2010-01,7.455555555555555
Experimental,2010-02,6.671428571428571
Experimental,2010-03,7.4399999999999995
Experimental,2010-04,6.9312499999999995
Experimental,2010-05,6.971428571428571
Experimental,2010-06,7.6499999999999995
Experimental,2010-07,7.35909090909091
Experimental,2010-08,7.014285714285714
Experimental,2010-09,6.987500000000001
Experimental,2010-10,6.885
Experimental,2010-11,7.155555555555556
Experimental,2010-12,7.6000000000000005
Experimental,2011-01,6.868750000000001
Experimental,2011-02,6.8625
Experimental,2011-03,7.2142857142857135
Experimental,2011-04,7.523809523809524
Experimental,2011-05,7.3050000000000015
Experimental,2011-06,7.127777777777777
Experimental,2011-07,7.455555555555555
Experimental,2011-08,7.45
Experimental,2011-09,7.168181818181819
Experimental,2011-10,7.1571428571428575
Experimental,2011-11,7.075
Experimental,2011-12,7.2375
Experimental,2012-01,7.199999999999999
Experimental,2012-02,7.05625
Experimental,2012-03,7.033333333333334
Experimental,2012-04,7.235000000000001
Experimental,2012-05,7.5
Experimental,2012-06,7.266666666666666
Experimental,2012-07,7.3999999999999995
Experimental,2012-08,7.533333333333332
Experimental,2012-09,7.1499999999999995
Experimental,2012-10,7.075000000000001
Experimental,2012-11,7.26111111111111
Experimental,2012-12,6.833333333333333
Experimental,2013-01,6.133333333333334
Experimental,2013-02,7.255
Experimental,2013-03,7.2749999999999995
Experimental,2013-04,7.2700000000000005
Experimental,2013-05,7.290000000000001
Experimental,2013-06,7.0
Experimental,2013-07,7.058333333333334
Experimental,2013-08,7.278571428571429
Experimental,2013-09,7.144444444444444
Experimental,2013-10,7.142857142857143
Experimental,2013-11,7.487500000000001
Experimental,2013-12,7.066666666666666
Experimental,2014-01,7.55
Experimental,2014-02,7.233333333333333
Experimental,2014-03,6.750000000000001
Experimental,2014-04,7.283333333333332
Experimental,2014-05,7.371428571428572
Experimental,2014-06,7.43148148148148
Experimental,2014-07,7.175000000000001
Experimental,2014-08,6.949999999999999
Experimental,2014-09,7.5200000000000005
Experimental,2014-10,7.821428571428571
Experimental,2014-11,7.55
Experimental,2014-12,6.45
Experimental,2015-01,6.949999999999999
Experimental,2015-02,7.291666666666667
Experimental,2015-03,7.685714285714286
Experimental,2015-04,7.606250000000001
Experimental,2015-05,7.7714285714285705
Experimental,2015-06,7.557142857142857
Experimental,2015-07,7.458333333333333
Experimental,2015-08,7.639999999999999
Experimental,2015-09,7.285714285714286
Experimental,2015-10,7.383333333333334
Experimental,2015-11,7.639999999999999
Experimental,2015-12,7.275
Experimental,2016-01,7.366666666666667
Experimental,2016-02,7.220000000000001
Experimental,2016-03,7.088333333333333
Experimental,2016-04,7.040909090909091
Experimental,2016-05,7.960000000000001
Experimental,2016-06,7.155555555555555
Experimental,2016-07,7.118181818181818
Experimental,2016-08,7.512962962962963
Experimental,2016-09,7.270370370370371
Experimental,2016-10,7.67
Experimental,2016-11,7.691666666666667
Experimental,2016-12,7.3125
Experimental,2017-01,7.45
Experimental,2017-02,7.35
Experimental,2017-03,7.218181818181819
Experimental,2017-04,7.261363636363637
Experimental,2017-05,7.375000000000001
Experimental,2017-06,7.286363636363637
Experimental,2017-07,7.43
Experimental,2017-08,6.840000000000001
Experimental,2017-09,7.128571428571427
Experimental,2017-10,7.706250000000001
Experimental,2017-11,7.222222222222224
Experimental,2017-12,7.366666666666667
Experimental,2018-01,7.45
Experimental,2018-02,7.105555555555555
Experimental,2018-03,7.557142857142858
Experimental,2018-04,7.19
Experimental,2018-05,7.771428571428571
Experimental,2018-06,7.358333333333333
Experimental,2018-07,7.373333333333333
Experimental,2018-08,7.51
Experimental,2018-09,7.4363636363636365
Experimental,2018-10,7.06060606060606
Experimental,2018-11,7.418181818181818
Experimental,2018-12,7.538095238095238
Experimental,2019-01,7.15
Experimental,2019-02,7.5
Experimental,2019-03,7.505
Experimental,2019-04,7.55
Experimental,2019-05,7.503030303030303
Experimental,2019-06,7.425
Experimental,2019-07,7.403333333333333
Experimental,2019-08,7.423809523809524
Experimental,2019-09,7.762121212121213
Experimental,2019-10,7.127272727272726
Experimental,2019-11,7.671428571428572
Experimental,2019-12,7.275
Experimental,2020-01,7.490909090909091
Experimental,2020-02,7.399999999999999
Experimental,2020-03,7.466666666666668
Experimental,2020-04,7.385714285714286
Experimental,2020-05,7.5129629629629635
Experimental,2020-06,7.4
Experimental,2020-07,7.45
Experimental,2020-08,7.420833333333333
Experimental,2020-09,7.577272727272727
Experimental,2020-10,7.524999999999999
Experimental,2020-11,7.720000000000001
Experimental,2020-12,7.383333333333333
Experimental,2021-01,7.4074074074074066
Experimental,2021-02,6.95
Experimental,2021-03,7.5590909090909095
Experimental,2021-04,7.426666666666667
Experimental,2021-05,7.327777777777777
Experimental,2021-06,7.529999999999999
Experimental,2021-07,7.680952380952379
Experimental,2021-08,7.0874999999999995
Experimental,2021-09,7.7
Experimental,2021-10,7.513636363636365
Experimental,2021-11,7.491666666666667
Experimental,2021-12,7.637499999999999
Folk_and_Country,1999-01,6.5
Folk_and_Country,1999-02,7.3
Folk_and_Country,1999-07,8.05
Folk_and_Country,1999-09,7.733333333333333
Folk_and_Country,2000-01,7.0
Folk_and_Country,2000-09,7.8
Folk_and_Country,2000-10,7.6
Folk_and_Country,2000-12,9.2
Folk_and_Country,2001-02,8.0
Folk_and_Country,2001-03,7.45
Folk_and_Country,2001-09,7.3
Folk_and_Country,2001-10,7.74
Folk_and_Country,2001-11,7.18
Folk_and_Country,2001-12,7.5
Folk_and_Country,2002-02,7.425
Folk_and_Country,2002-04,6.2
Folk_and_Country,2002-05,6.425000000000001
Folk_and_Country,2002-06,6.574999999999999
Folk_and_Country,2002-07,5.4
Folk_and_Country,2002-08,7.016666666666667
Folk_and_Country,2002-09,8.266666666666667
Folk_and_Country,2002-10,6.2
Folk_and_Country,2002-11,7.25
Folk_and_Country,2002-12,6.55
Folk_and_Country,2003-01,6.0
Folk_and_Country,2003-02,7.300000000000001
Folk_and_Country,2003-03,7.3
Folk_and_Country,2003-04,6.8
Folk_and_Country,2003-05,7.75
Folk_and_Country,2003-06,6.716666666666668
Folk_and_Country,2003-07,7.2299999999999995
Folk_and_Country,2003-08,6.25
Folk_and_Country,2003-09,6.866666666666667
Folk_and_Country,2003-10,7.675000000000001
Folk_and_Country,2003-11,8.3
Folk_and_Country,2004-01,7.099999999999999
Folk_and_Country,2004-02,8.2
Folk_and_Country,2004-03,6.642857142857143
Folk_and_Country,2004-04,7.566666666666666
Folk_and_Country,2004-05,7.45
Folk_and_Country,2004-06,8.049999999999999
Folk_and_Country,2004-07,7.2
Folk_and_Country,2004-08,7.75
Folk_and_Country,2004-09,7.633333333333333
Folk_and_Country,2004-10,7.159999999999999
Folk_and_Country,2004-11,6.6
Folk_and_Country,2004-12,7.85
Folk_and_Country,2005-01,8.0
Folk_and_Country,2005-02,8.200000000000001
Folk_and_Country,2005-03,6.466666666666666
Folk_and_Country,2005-04,5.716666666666666
Folk_and_Country,2005-05,7.3875
Folk_and_Country,2005-06,7.166666666666667
Folk_and_Country,2005-07,7.3
Folk_and_Country,2005-08,7.3
Folk_and_Country,2005-09,7.1000000000000005
Folk_and_Country,2005-10,7.266666666666667
Folk_and_Country,2005-11,6.716666666666666
Folk_and_Country,2005-12,7.5
Folk_and_Country,2006-01,6.533333333333334
Folk_and_Country,2006-02,7.0
Folk_and_Country,2006-03,7.325
Folk_and_Country,2006-04,7.125
Folk_and_Country,2006-05,7.139999999999999
Folk_and_Country,2006-06,7.8
Folk_and_Country,2006-07,6.878571428571429
Folk_and_Country,2006-08,7.6000000000000005
Folk_and_Country,2006-09,7.3
Folk_and_Country,2006-10,6.625
Folk_and_Country,2006-11,8.09
Folk_and_Country,2006-12,7.65
Folk_and_Country,2007-01,7.171428571428571
Folk_and_Country,2007-02,6.685714285714285
Folk_and_Country,2007-03,6.816666666666666
Folk_and_Country,2007-04,5.816666666666666
Folk_and_Country,2007-05,6.774999999999999
Folk_and_Country,2007-06,7.95
Folk_and_Country,2007-07,7.220000000000001
Folk_and_Country,2007-08,7.5
Folk_and_Country,2007-09,7.074999999999999
Folk_and_Country,2007-10,6.3500000000000005
Folk_and_Country,2007-11,6.833333333333333
Folk_and_Country,2007-12,6.2625
Folk_and_Country,2008-01,7.125
Folk_and_Country,2008-02,7.380000000000001
Folk_and_Country,2008-03,6.25
Folk_and_Country,2008-04,8.033333333333333
Folk_and_Country,2008-05,7.425
Folk_and_Country,2008-06,7.333333333333335
Folk_and_Country,2008-07,6.833333333333333
Folk_and_Country,2008-08,6.8500000000000005
Folk_and_Country,2008-09,5.775
Folk_and_Country,2008-10,6.8374999999999995
Folk_and_Country,2008-11,7.340000000000001
Folk_and_Country,2008-12,5.300000000000001
Folk_and_Country,2009-01,7.075
Folk_and_Country,2009-02,6.840000000000001
Folk_and_Country,2009-03,7.48125
Folk_and_Country,2009-04,6.733333333333334
Folk_and_Country,2009-05,7.1
Folk_and_Country,2009-06,7.8
Folk_and_Country,2009-07,6.608333333333333
Folk_and_Country,2009-08,7.566666666666666
Folk_and_Country,2009-10,6.3
Folk_and_Country,2009-11,7.5
Folk_and_Country,2009-12,6.4
Folk_and_Country,2010-01,7.433333333333333
Folk_and_Country,2010-02,7.421428571428572
Folk_and_Country,2010-03,6.9
Folk_and_Country,2010-04,6.841666666666668
Folk_and_Country,2010-05,6.216666666666666
Folk_and_Country,2010-06,7.3
Folk_and_Country,2010-07,7.216666666666666
Folk_and_Country,2010-08,7.1
Folk_and_Country,2010-09,7.050000000000001
Folk_and_Country,2010-10,7.133333333333334
Folk_and_Country,2010-11,7.0
Folk_and_Country,2011-01,7.658333333333334
Folk_and_Country,2011-02,7.133333333333333
Folk_and_Country,2011-03,7.016666666666666
Folk_and_Country,2011-04,6.5200000000000005
Folk_and_Country,2011-05,7.140000000000001
Folk_and_Country,2011-06,6.9799999999999995
Folk_and_Country,2011-07,5.9
Folk_and_Country,2011-08,6.980000000000001
Folk_and_Country,2011-09,7.5
Folk_and_Country,2011-10,8.05
Folk_and_Country,2011-11,7.6
Folk_and_Country,2011-12,7.5
Folk_and_Country,2012-01,7.866666666666667
Folk_and_Country,2012-02,8.0
Folk_and_Country,2012-03,8.2
Folk_and_Country,2012-04,7.58
Folk_and_Country,2012-05,7.133333333333333
Folk_and_Country,2012-06,6.949999999999999
Folk_and_Country,2012-08,7.4
Folk_and_Country,2012-09,8.0
Folk_and_Country,2012-11,7.65
Folk_and_Country,2013-01,6.9
Folk_and_Country,2013-02,7.0
Folk_and_Country,2013-03,7.2
Folk_and_Country,2013-04,7.133333333333333
Folk_and_Country,2013-05,6.533333333333334
Folk_and_Country,2013-06,6.85
Folk_and_Country,2013-07,6.324999999999999
Folk_and_Country,2013-09,8.2
Folk_and_Country,2013-10,7.75
Folk_and_Country,2013-12,7.25
Folk_and_Country,2014-01,7.699999999999999
Folk_and_Country,2014-02,8.2
Folk_and_Country,2014-03,7.233333333333334
Folk_and_Country,2014-04,7.0
Folk_and_Country,2014-05,7.725
Folk_and_Country,2014-06,7.449999999999999
Folk_and_Country,2014-07,6.425
Folk_and_Country,2014-09,7.574999999999999
Folk_and_Country,2014-10,8.05
Folk_and_Country,2014-11,7.699999999999999
Folk_and_Country,2014-12,7.9
Folk_and_Country,2015-01,7.6
Folk_and_Country,2015-02,6.875
Folk_and_Country,2015-03,7.45
Folk_and_Country,2015-04,7.300000000000001
Folk_and_Country,2015-05,7.3
Folk_and_Country,2015-06,6.609999999999999
Folk_and_Country,2015-07,6.7
Folk_and_Country,2015-08,7.45
Folk_and_Country,2015-09,7.35
Folk_and_Country,2015-10,7.5
Folk_and_Country,2015-11,6.8
Folk_and_Country,2015-12,7.1
Folk_and_Country,2016-01,6.516666666666667
Folk_and_Country,2016-02,7.1800000000000015
Folk_and_Country,2016-03,7.6125
Folk_and_Country,2016-04,7.6
Folk_and_Country,2016-05,7.083333333333333
Folk_and_Country,2016-06,7.725
Folk_and_Country,2016-07,7.725
Folk_and_Country,2016-08,7.040000000000001
Folk_and_Country,2016-09,7.5
Folk_and_Country,2016-10,7.5
Folk_and_Country,2016-11,7.733333333333333
Folk_and_Country,2016-12,7.3
Folk_and_Country,2017-01,6.7
Folk_and_Country,2017-02,7.116666666666667
Folk_and_Country,2017-03,7.7
Folk_and_Country,2017-04,7.5
Folk_and_Country,2017-05,7.5200000000000005
Folk_and_Country,2017-06,7.2666666666666675
Folk_and_Country,2017-07,7.533333333333334
Folk_and_Country,2017-08,7.5
Folk_and_Country,2017-09,7.383333333333333
Folk_and_Country,2017-10,7.766666666666666
Folk_and_Country,2017-11,7.066666666666666
Folk_and_Country,2018-01,6.4
Folk_and_Country,2018-02,7.25
Folk_and_Country,2018-03,7.4
Folk_and_Country,2018-04,7.8500000000000005
Folk_and_Country,2018-05,7.583333333333333
Folk_and_Country,2018-06,7.75
Folk_and_Country,2018-07,6.840000000000001
Folk_and_Country,2018-08,7.4
Folk_and_Country,2018-09,7.3125
Folk_and_Country,2018-10,7.314285714285715
Folk_and_Country,2018-11,6.82
Folk_and_Country,2019-01,7.65
Folk_and_Country,2019-02,7.624999999999999
Folk_and_Country,2019-03,4.75
Folk_and_Country,2019-04,7.541666666666667
Folk_and_Country,2019-05,7.699999999999999
Folk_and_Country,2019-06,6.825
Folk_and_Country,2019-07,7.85
Folk_and_Country,2019-08,7.5600000000000005
Folk_and_Country,2019-09,7.71111111111111
Folk_and_Country,2019-10,7.0
Folk_and_Country,2019-11,7.26
Folk_and_Country,2019-12,6.7
Folk_and_Country,2020-01,7.333333333333333
Folk_and_Country,2020-02,7.7
Folk_and_Country,2020-03,6.7
Folk_and_Country,2020-04,7.68
Folk_and_Country,2020-05,7.7250000000000005
Folk_and_Country,2020-06,7.5
Folk_and_Country,2020-07,7.128571428571429
Folk_and_Country,2020-08,7.349999999999999
Folk_and_Country,2020-09,7.466666666666668
Folk_and_Country,2020-10,7.390000000000001
Folk_and_Country,2020-11,7.45
Folk_and_Country,2020-12,7.5
Folk_and_Country,2021-01,7.362500000000001
Folk_and_Country,2021-02,7.508333333333334
Folk_and_Country,2021-03,7.3999999999999995
Folk_and_Country,2021-04,7.525
Folk_and_Country,2021-05,7.322222222222223
Folk_and_Country,2021-06,7.25
Folk_and_Country,2021-07,7.0
Folk_and_Country,2021-08,7.34375
Folk_and_Country,2021-09,7.225
Folk_and_Country,2021-10,7.583333333333333
Folk_and_Country,2021-11,7.580000000000001
Folk_and_Country,2021-12,7.8
Global,1999-06,9.0
Global,2000-03,6.5
Global,2000-09,8.4
Global,2001-01,6.0
Global,2001-04,8.1
Global,2001-06,7.8
Global,2002-03,8.3
Global,2002-04,6.7
Global,2002-05,6.8
Global,2002-07,8.3
Global,2002-09,6.2
Global,2003-01,6.8
Global,2003-03,6.0
Global,2003-06,7.9
Global,2003-12,8.1
Global,2004-04,8.8
Global,2004-05,7.6
Global,2004-07,7.7
Global,2004-08,7.5
Global,2004-09,8.65
Global,2004-11,8.5
Global,2005-03,8.233333333333334
Global,2005-05,7.8
Global,2005-06,7.875
Global,2005-07,7.9
Global,2005-09,7.8
Global,2006-02,7.566666666666666
Global,2006-03,4.9
Global,2006-04,7.9
Global,2006-05,8.4
Global,2006-06,6.3
Global,2006-07,7.6
Global,2006-08,8.1
Global,2006-10,7.0
Global,2007-01,5.65
Global,2007-02,6.8
Global,2007-03,7.5
Global,2007-04,7.25
Global,2007-05,7.166666666666667
Global,2007-06,4.8
Global,2007-07,7.4
Global,2007-08,7.575
Global,2007-09,7.6000000000000005
Global,2007-11,7.4
Global,2007-12,8.4
Global,2008-02,8.149999999999999
Global,2008-04,8.15
Global,2008-05,8.0
Global,2008-06,4.9
Global,2008-07,8.3
Global,2008-08,8.15
Global,2008-09,8.5
Global,2008-11,6.5
Global,2009-01,7.8
Global,2009-02,6.2
Global,2009-03,7.5
Global,2009-05,8.0
Global,2009-07,7.833333333333333
Global,2009-08,8.1
Global,2009-09,7.0
Global,2009-10,7.6
Global,2009-11,6.8
Global,2009-12,7.050000000000001
Global,2010-01,7.3
Global,2010-02,7.75
Global,2010-03,8.3
Global,2010-04,7.1
Global,2010-05,6.1
Global,2010-06,6.8999999999999995
Global,2010-07,6.566666666666666
Global,2010-08,7.6
Global,2010-12,8.0
Global,2011-01,7.275
Global,2011-02,7.7
Global,2011-03,7.8
Global,2011-07,5.7
Global,2011-08,7.366666666666667
Global,2011-09,7.6
Global,2011-10,7.6
Global,2012-01,5.8
Global,2012-03,7.4
Global,2012-04,7.949999999999999
Global,2012-05,7.9
Global,2012-07,7.65
Global,2012-08,7.4
Global,2013-01,5.8
Global,2013-03,6.3
Global,2013-04,7.2
Global,2013-06,7.1
Global,2013-08,8.0
Global,2013-10,7.2
Global,2013-11,6.5
Global,2014-02,8.1
Global,2014-03,5.8
Global,2014-06,8.0
Global,2014-07,7.2
Global,2014-10,7.3
Global,2015-02,7.75
Global,2015-06,7.033333333333334
Global,2015-08,6.2
Global,2016-01,8.0
Global,2016-02,6.85
Global,2016-03,7.1
Global,2016-04,6.8
Global,2016-05,7.75
Global,2016-07,7.8
Global,2016-08,8.1
Global,2016-09,7.0
Global,2016-10,7.275
Global,2016-12,7.7
Global,2017-02,8.2
Global,2017-03,7.166666666666667
Global,2017-04,7.5
Global,2017-05,7.9
Global,2017-06,7.239999999999999
Global,2017-07,7.6
Global,2017-09,7.7
Global,2017-10,8.3
Global,2018-02,8.0
Global,2018-05,7.5
Global,2018-07,7.25
Global,2018-08,7.433333333333334
Global,2018-11,7.7
Global,2019-05,6.766666666666667
Global,2019-06,6.0
Global,2019-10,8.0
Global,2019-12,6.8
Global,2020-01,7.050000000000001
Global,2020-02,7.8
Global,2020-04,7.8
Global,2020-08,7.475
Global,2020-09,6.5
Global,2021-01,6.9
Global,2021-02,7.8
Global,2021-07,7.6
Global,2021-08,7.0
Global,2021-09,7.0
Global,2021-11,7.8
Jazz,1999-01,8.9
Jazz,1999-03,9.5
Jazz,1999-04,6.1375
Jazz,1999-05,8.0
Jazz,1999-06,7.9
Jazz,2000-03,5.4
Jazz,2000-04,7.825
Jazz,2000-05,7.916666666666667
Jazz,2000-07,6.65
Jazz,2000-08,7.45
Jazz,2000-09,5.1
Jazz,2000-10,6.7
Jazz,2000-11,5.2
Jazz,2001-01,8.8
Jazz,2001-03,6.1
Jazz,2001-04,8.1
Jazz,2001-06,8.266666666666666
Jazz,2001-09,5.65
Jazz,2001-10,7.866666666666667
Jazz,2001-11,8.166666666666668
Jazz,2001-12,6.333333333333333
Jazz,2002-01,7.733333333333333
Jazz,2002-02,7.25
Jazz,2002-03,8.9
Jazz,2002-04,8.0
Jazz,2002-05,6.966666666666666
Jazz,2002-06,6.566666666666666
Jazz,2002-07,5.7
Jazz,2002-08,8.066666666666668
Jazz,2002-09,6.5
Jazz,2002-10,6.7
Jazz,2002-11,6.533333333333334
Jazz,2002-12,7.766666666666666
Jazz,2003-01,8.233333333333333
Jazz,2003-02,5.83125
Jazz,2003-03,7.333333333333333
Jazz,2003-04,7.075
Jazz,2003-05,6.133333333333333
Jazz,2003-06,6.9
Jazz,2003-07,7.35
Jazz,2003-08,7.883333333333333
Jazz,2003-09,7.733333333333334
Jazz,2003-10,8.166666666666666
Jazz,2003-11,7.2
Jazz,2003-12,8.0
Jazz,2004-01,7.175000000000001
Jazz,2004-02,6.966666666666666
Jazz,2004-03,7.016666666666667
Jazz,2004-04,7.780000000000001
Jazz,2004-05,7.1000000000000005
Jazz,2004-06,7.833333333333333
Jazz,2004-07,6.699999999999999
Jazz,2004-08,7.466666666666668
Jazz,2004-09,7.5
Jazz,2004-10,7.3625
Jazz,2004-11,7.033333333333334
Jazz,2004-12,7.3
Jazz,2005-01,8.05
Jazz,2005-02,7.099999999999999
Jazz,2005-03,7.364285714285715
Jazz,2005-04,7.533333333333334
Jazz,2005-05,7.0
Jazz,2005-06,8.7
Jazz,2005-07,7.6
Jazz,2005-08,8.0
Jazz,2005-09,7.35
Jazz,2005-11,4.85
Jazz,2005-12,7.5
Jazz,2006-01,7.866666666666666
Jazz,2006-02,7.933333333333334
Jazz,2006-03,6.65
Jazz,2006-04,5.9
Jazz,2006-05,8.4
Jazz,2006-07,7.6
Jazz,2006-08,7.3
Jazz,2006-09,7.333333333333333
Jazz,2006-10,4.7
Jazz,2007-01,6.875
Jazz,2007-02,7.6
Jazz,2007-03,6.166666666666667
Jazz,2007-05,7.666666666666667
Jazz,2007-06,7.233333333333333
Jazz,2007-07,5.2
Jazz,2007-10,7.714285714285714
Jazz,2007-11,7.633333333333333
Jazz,2008-01,6.75
Jazz,2008-02,7.44
Jazz,2008-03,7.2
Jazz,2008-04,7.5
Jazz,2008-05,7.1
Jazz,2008-06,6.266666666666667
Jazz,2008-07,6.400000000000001
Jazz,2008-08,7.3
Jazz,2008-09,6.37
Jazz,2008-10,6.8
Jazz,2008-11,5.6000000000000005
Jazz,2008-12,8.6
Jazz,2009-01,5.1
Jazz,2009-02,6.5
Jazz,2009-03,6.833333333333333
Jazz,2009-05,8.0
Jazz,2009-06,7.040000000000001
Jazz,2009-07,7.05
Jazz,2009-08,7.760000000000001
Jazz,2009-11,6.1
Jazz,2010-01,6.9
Jazz,2010-02,8.5
Jazz,2010-03,7.65
Jazz,2010-04,6.65
Jazz,2010-05,6.625
Jazz,2010-07,7.6
Jazz,2010-10,7.8999999999999995
Jazz,2011-01,6.8
Jazz,2011-02,7.699999999999999
Jazz,2011-03,6.5
Jazz,2011-04,6.4
Jazz,2011-05,6.4
Jazz,2011-06,6.1
Jazz,2011-07,6.6
Jazz,2011-09,8.1
Jazz,2011-10,6.7
Jazz,2011-11,7.166666666666667
Jazz,2012-01,7.800000000000001
Jazz,2012-02,6.75
Jazz,2012-03,4.2
Jazz,2012-05,8.0
Jazz,2012-06,7.433333333333333
Jazz,2012-08,7.1
Jazz,2012-09,7.8
Jazz,2012-10,7.0
Jazz,2012-12,8.4
Jazz,2013-01,4.4
Jazz,2013-02,7.4
Jazz,2013-04,6.95
Jazz,2013-05,7.3
Jazz,2013-06,7.8
Jazz,2013-07,7.5
Jazz,2013-09,6.7
Jazz,2013-11,7.65
Jazz,2013-12,7.7
Jazz,2014-02,7.3
Jazz,2014-03,5.35
Jazz,2014-06,6.3
Jazz,2014-09,7.8
Jazz,2014-11,7.2
Jazz,2015-01,8.0
Jazz,2015-02,7.199999999999999
Jazz,2015-04,7.9
Jazz,2015-05,8.6
Jazz,2015-06,7.533333333333334
Jazz,2015-07,7.933333333333334
Jazz,2015-09,8.0
Jazz,2015-10,7.25
Jazz,2016-01,7.6
Jazz,2016-02,7.5
Jazz,2016-03,8.55
Jazz,2016-04,7.3
Jazz,2016-05,7.8
Jazz,2016-06,7.45
Jazz,2016-07,7.35
Jazz,2016-08,7.85
Jazz,2016-09,7.6
Jazz,2016-10,7.5200000000000005
Jazz,2016-11,7.833333333333333
Jazz,2016-12,6.733333333333333
Jazz,2017-01,6.966666666666666
Jazz,2017-02,8.266666666666666
Jazz,2017-03,7.566666666666666
Jazz,2017-04,7.5
Jazz,2017-05,8.1
Jazz,2017-06,7.675
Jazz,2017-07,7.3
Jazz,2017-08,7.625
Jazz,2017-09,8.0
Jazz,2017-10,7.6
Jazz,2017-11,7.0
Jazz,2017-12,7.8
Jazz,2018-01,6.9750000000000005
Jazz,2018-02,6.300000000000001
Jazz,2018-03,7.483333333333333
Jazz,2018-04,6.85
Jazz,2018-05,7.719999999999999
Jazz,2018-06,7.6
Jazz,2018-07,6.5
Jazz,2018-08,7.2
Jazz,2018-09,7.425000000000001
Jazz,2018-10,7.65
Jazz,2018-11,8.2
Jazz,2018-12,7.15
Jazz,2019-02,7.2
Jazz,2019-03,7.68
Jazz,2019-04,6.65
Jazz,2019-05,7.8
Jazz,2019-06,7.45
Jazz,2019-07,7.8
Jazz,2019-08,7.3
Jazz,2019-09,7.4
Jazz,2019-10,7.637500000000001
Jazz,2019-11,7.5
Jazz,2019-12,8.0
Jazz,2020-01,7.68
Jazz,2020-02,8.6
Jazz,2020-03,7.8999999999999995
Jazz,2020-04,7.0
Jazz,2020-05,7.433333333333334
Jazz,2020-06,7.35
Jazz,2020-07,7.575
Jazz,2020-08,8.0
Jazz,2020-09,7.824999999999999
Jazz,2020-10,7.55
Jazz,2020-11,7.840000000000001
Jazz,2020-12,7.483333333333333
Jazz,2021-01,7.25
Jazz,2021-02,7.65
Jazz,2021-03,7.504
Jazz,2021-04,7.883333333333333
Jazz,2021-05,7.459999999999999
Jazz,2021-06,7.8
Jazz,2021-07,7.7
Jazz,2021-08,7.5
Jazz,2021-09,7.9
Jazz,2021-10,7.625
Jazz,2021-11,7.433333333333334
Jazz,2021-12,7.2
Metal,1999-01,7.2
Metal,1999-02,8.4
Metal,1999-03,7.6
Metal,1999-05,6.2
Metal,1999-06,7.8
Metal,1999-09,5.7
Metal,1999-11,6.9
Metal,2000-01,2.0
Metal,2000-03,5.15
Metal,2000-04,7.3999999999999995
Metal,2000-05,7.3
Metal,2000-07,5.45
Metal,2000-08,3.4000000000000004
Metal,2000-09,8.7
Metal,2000-10,7.45
Metal,2000-11,8.0
Metal,2000-12,6.75
Metal,2001-01,6.9
Metal,2001-03,8.2
Metal,2001-04,5.35
Metal,2001-05,3.966666666666667
Metal,2001-07,3.1
Metal,2001-08,4.4
Metal,2001-09,6.6
Metal,2001-10,7.0
Metal,2001-11,7.0
Metal,2001-12,7.074999999999999
Metal,2002-01,5.19
Metal,2002-03,5.966666666666666
Metal,2002-04,3.5
Metal,2002-05,6.5
Metal,2002-06,6.833333333333333
Metal,2002-07,7.133333333333333
Metal,2002-08,6.35
Metal,2002-09,6.275
Metal,2002-10,5.5
Metal,2002-11,6.25
Metal,2002-12,6.8100000000000005
Metal,2003-01,7.025
Metal,2003-02,6.5375
Metal,2003-03,4.2
Metal,2003-04,5.5
Metal,2003-05,6.7625
Metal,2003-06,6.228571428571429
Metal,2003-08,6.959999999999999
Metal,2003-09,6.75
Metal,2003-10,7.666666666666667
Metal,2003-11,5.6
Metal,2003-12,2.15
Metal,2004-01,8.35
Metal,2004-02,4.95
Metal,2004-03,6.766666666666667
Metal,2004-05,7.5
Metal,2004-06,2.7
Metal,2004-07,7.333333333333333
Metal,2004-08,7.1499999999999995
Metal,2004-09,6.574999999999999
Metal,2004-10,7.340000000000001
Metal,2004-11,6.475000000000001
Metal,2004-12,7.633333333333333
Metal,2005-01,7.3
Metal,2005-02,7.566666666666667
Metal,2005-03,7.577777777777778
Metal,2005-04,3.7
Metal,2005-05,6.433333333333334
Metal,2005-06,5.807142857142857
Metal,2005-07,7.2
Metal,2005-08,6.691666666666666
Metal,2005-09,8.0
Metal,2005-10,6.3
Metal,2005-11,7.066666666666666
Metal,2005-12,6.916666666666666
Metal,2006-01,5.9875
Metal,2006-02,7.1000000000000005
Metal,2006-03,7.199999999999999
Metal,2006-04,6.199999999999999
Metal,2006-05,6.414285714285714
Metal,2006-06,6.658333333333334
Metal,2006-07,5.8
Metal,2006-08,6.7
Metal,2006-09,6.8125
Metal,2006-10,8.133333333333333
Metal,2006-11,7.2
Metal,2006-12,7.683333333333334
Metal,2007-01,6.75
Metal,2007-02,7.671428571428572
Metal,2007-03,7.599999999999999
Metal,2007-05,6.324999999999999
Metal,2007-06,7.2
Metal,2007-07,7.025
Metal,2007-08,7.2
Metal,2007-09,6.733333333333334
Metal,2007-10,7.199999999999999
Metal,2007-11,6.550000000000001
Metal,2007-12,5.7
Metal,2008-01,6.925
Metal,2008-02,7.470000000000001
Metal,2008-03,7.175
Metal,2008-04,7.35
Metal,2008-05,5.666666666666667
Metal,2008-06,7.000000000000001
Metal,2008-07,8.175
Metal,2008-08,5.2
Metal,2008-09,6.760000000000001
Metal,2008-10,7.4
Metal,2008-11,7.25
Metal,2008-12,5.2
Metal,2009-01,6.15
Metal,2009-02,6.266666666666667
Metal,2009-03,7.199999999999999
Metal,2009-04,6.666666666666667
Metal,2009-05,8.083333333333334
Metal,2009-06,7.0249999999999995
Metal,2009-07,6.540000000000001
Metal,2009-08,6.966666666666666
Metal,2009-09,6.85
Metal,2009-10,7.0
Metal,2009-11,6.766666666666667
Metal,2009-12,7.35
Metal,2010-01,7.35
Metal,2010-02,6.9875
Metal,2010-03,6.85
Metal,2010-04,7.140000000000001
Metal,2010-05,6.628571428571428
Metal,2010-06,6.099999999999999
Metal,2010-07,7.566666666666666
Metal,2010-08,7.25
Metal,2010-09,6.875000000000001
Metal,2010-10,6.314285714285715
Metal,2010-11,8.0
Metal,2010-12,8.5
Metal,2011-02,7.5
Metal,2011-03,6.8
Metal,2011-04,5.9
Metal,2011-05,7.359999999999999
Metal,2011-06,8.6
Metal,2011-07,5.1
Metal,2011-08,4.9
Metal,2011-09,7.316666666666666
Metal,2011-10,7.6125
Metal,2011-11,6.0777777777777775
Metal,2012-01,6.775
Metal,2012-02,7.1000000000000005
Metal,2012-03,7.7142857142857135
Metal,2012-04,7.6000000000000005
Metal,2012-05,7.675
Metal,2012-06,6.033333333333334
Metal,2012-07,6.725
Metal,2012-08,6.541666666666667
Metal,2012-09,7.533333333333334
Metal,2012-10,7.779999999999999
Metal,2012-11,6.62
Metal,2012-12,8.0
Metal,2013-02,7.400000000000001
Metal,2013-03,7.128571428571429
Metal,2013-04,7.6800000000000015
Metal,2013-05,7.279999999999999
Metal,2013-06,7.371428571428572
Metal,2013-07,6.916666666666667
Metal,2013-08,7.133333333333334
Metal,2013-09,7.453333333333333
Metal,2013-10,6.855555555555555
Metal,2013-11,7.65
Metal,2013-12,7.866666666666667
Metal,2014-01,7.699999999999999
Metal,2014-02,7.2
Metal,2014-03,6.9799999999999995
Metal,2014-04,7.0
Metal,2014-05,7.457142857142857
Metal,2014-06,7.285714285714285
Metal,2014-07,7.142857142857143
Metal,2014-08,5.6000000000000005
Metal,2014-09,6.989999999999999
Metal,2014-10,7.558333333333334
Metal,2014-12,7.000000000000001
Metal,2015-01,7.7
Metal,2015-02,7.3500000000000005
Metal,2015-03,7.41875
Metal,2015-04,7.437499999999999
Metal,2015-05,7.5
Metal,2015-06,7.28888888888889
Metal,2015-07,8.0
Metal,2015-08,7.4799999999999995
Metal,2015-09,7.5
Metal,2015-10,7.7125
Metal,2015-11,7.0375000000000005
Metal,2015-12,7.775
Metal,2016-01,6.85
Metal,2016-02,7.866666666666667
Metal,2016-03,7.383333333333333
Metal,2016-04,7.775
Metal,2016-05,8.1
Metal,2016-06,7.125
Metal,2016-07,7.221428571428571
Metal,2016-08,7.15
Metal,2016-09,7.7
Metal,2016-10,7.10625
Metal,2016-11,6.760000000000001
Metal,2016-12,7.5
Metal,2017-01,6.707142857142857
Metal,2017-02,7.35
Metal,2017-03,7.6000000000000005
Metal,2017-04,6.566666666666667
Metal,2017-05,7.133333333333333
Metal,2017-06,7.5
Metal,2017-07,7.566666666666666
Metal,2017-08,7.775
Metal,2017-09,6.550000000000001
Metal,2017-10,6.6
Metal,2017-11,8.0
Metal,2017-12,7.483333333333333
Metal,2018-01,8.0
Metal,2018-02,7.359999999999999
Metal,2018-03,7.233333333333333
Metal,2018-04,7.466666666666666
Metal,2018-05,7.55
Metal,2018-06,7.7250000000000005
Metal,2018-07,7.733333333333334
Metal,2018-08,7.625
Metal,2018-09,7.8999999999999995
Metal,2018-10,7.43
Metal,2018-11,7.1
Metal,2018-12,7.7
Metal,2019-02,6.6000000000000005
Metal,2019-03,7.5
Metal,2019-04,7.933333333333333
Metal,2019-05,7.625
Metal,2019-06,7.68
Metal,2019-07,7.366666666666667
Metal,2019-08,6.7
Metal,2019-09,6.0
Metal,2019-10,6.166666666666667
Metal,2019-11,7.95
Metal,2020-02,7.8
Metal,2020-03,6.266666666666667
Metal,2020-05,7.9
Metal,2020-06,7.5
Metal,2020-07,7.633333333333333
Metal,2020-08,7.9
Metal,2020-09,5.2
Metal,2020-10,7.8
Metal,2020-11,7.45
Metal,2020-12,7.699999999999999
Metal,2021-02,7.8
Metal,2021-03,8.166666666666666
Metal,2021-04,7.3
Metal,2021-05,7.4
Metal,2021-06,7.699999999999999
Metal,2021-07,7.5
Metal,2021-08,6.779999999999999
Metal,2021-09,7.166666666666667
Metal,2021-10,6.866666666666667
Metal,2021-11,6.533333333333334
Metal,2021-12,7.3
Pop_and_RnB,1999-02,6.9
Pop_and_RnB,1999-04,5.9
Pop_and_RnB,1999-07,7.0
Pop_and_RnB,1999-08,6.3
Pop_and_RnB,1999-09,5.05
Pop_and_RnB,2000-01,6.6
Pop_and_RnB,2000-02,7.9
Pop_and_RnB,2000-04,4.95
Pop_and_RnB,2000-05,7.6000000000000005
Pop_and_RnB,2000-06,4.75
Pop_and_RnB,2000-07,5.8
Pop_and_RnB,2000-08,7.075
Pop_and_RnB,2000-09,5.8
Pop_and_RnB,2000-10,7.05
Pop_and_RnB,2000-11,6.266666666666666
Pop_and_RnB,2000-12,7.275
Pop_and_RnB,2001-01,6.0
Pop_and_RnB,2001-02,5.7
Pop_and_RnB,2001-03,6.65
Pop_and_RnB,2001-04,5.85
Pop_and_RnB,2001-06,8.4
Pop_and_RnB,2001-08,7.2
Pop_and_RnB,2001-09,6.550000000000001
Pop_and_RnB,2001-10,7.0
Pop_and_RnB,2001-11,6.066666666666666
Pop_and_RnB,2001-12,6.5
Pop_and_RnB,2002-01,4.958333333333333
Pop_and_RnB,2002-02,7.275
Pop_and_RnB,2002-03,5.825
Pop_and_RnB,2002-04,7.8
Pop_and_RnB,2002-05,6.290000000000001
Pop_and_RnB,2002-06,7.3
Pop_and_RnB,2002-07,5.36
Pop_and_RnB,2002-08,7.333333333333333
Pop_and_RnB,2002-10,5.9399999999999995
Pop_and_RnB,2002-11,6.4
Pop_and_RnB,2002-12,7.4
Pop_and_RnB,2003-01,7.1625
Pop_and_RnB,2003-02,6.874999999999999
Pop_and_RnB,2003-03,7.449999999999999
Pop_and_RnB,2003-04,5.2
Pop_and_RnB,2003-05,6.516666666666667
Pop_and_RnB,2003-06,6.15
Pop_and_RnB,2003-07,5.1
Pop_and_RnB,2003-08,5.625
Pop_and_RnB,2003-09,6.0
Pop_and_RnB,2003-10,7.15
Pop_and_RnB,2003-11,6.279999999999999
Pop_and_RnB,2003-12,6.0
Pop_and_RnB,2004-01,6.5
Pop_and_RnB,2004-02,6.233333333333334
Pop_and_RnB,2004-03,7.2
Pop_and_RnB,2004-04,6.640000000000001
Pop_and_RnB,2004-05,7.2700000000000005
Pop_and_RnB,2004-06,6.733333333333333
Pop_and_RnB,2004-07,6.733333333333334
Pop_and_RnB,2004-08,7.2875000000000005
Pop_and_RnB,2004-09,5.3625
Pop_and_RnB,2004-10,6.985714285714287
Pop_and_RnB,2004-11,7.514285714285714
Pop_and_RnB,2004-12,6.833333333333333
Pop_and_RnB,2005-01,7.55
Pop_and_RnB,2005-02,7.200000000000001
Pop_and_RnB,2005-03,7.05
Pop_and_RnB,2005-04,6.825
Pop_and_RnB,2005-05,7.3
Pop_and_RnB,2005-06,7.042857142857143
Pop_and_RnB,2005-07,7.355555555555556
Pop_and_RnB,2005-08,6.966666666666666
Pop_and_RnB,2005-09,7.0125
Pop_and_RnB,2005-10,7.325
Pop_and_RnB,2005-11,5.95
Pop_and_RnB,2006-01,6.857142857142857
Pop_and_RnB,2006-02,7.133333333333333
Pop_and_RnB,2006-03,6.9
Pop_and_RnB,2006-04,7.1625000000000005
Pop_and_RnB,2006-05,6.766666666666667
Pop_and_RnB,2006-06,6.925000000000001
Pop_and_RnB,2006-07,6.372222222222223
Pop_and_RnB,2006-08,7.32
Pop_and_RnB,2006-09,7.220000000000001
Pop_and_RnB,2006-10,6.8
Pop_and_RnB,2006-11,6.175000000000001
Pop_and_RnB,2006-12,6.6625
Pop_and_RnB,2007-01,6.800000000000001
Pop_and_RnB,2007-02,6.775
Pop_and_RnB,2007-03,6.830000000000001
Pop_and_RnB,2007-04,5.0
Pop_and_RnB,2007-05,7.1499999999999995
Pop_and_RnB,2007-06,6.159999999999999
Pop_and_RnB,2007-07,6.300000000000001
Pop_and_RnB,2007-08,6.594444444444444
Pop_and_RnB,2007-09,6.400000000000001
Pop_and_RnB,2007-10,6.941666666666667
Pop_and_RnB,2007-11,7.300000000000001
Pop_and_RnB,2007-12,6.2
Pop_and_RnB,2008-01,5.428571428571428
Pop_and_RnB,2008-02,6.05
Pop_and_RnB,2008-03,6.758333333333333
Pop_and_RnB,2008-04,7.457142857142856
Pop_and_RnB,2008-05,7.355555555555556
Pop_and_RnB,2008-06,6.63
Pop_and_RnB,2008-07,6.487500000000001
Pop_and_RnB,2008-08,6.591666666666668
Pop_and_RnB,2008-09,7.33125
Pop_and_RnB,2008-10,6.516666666666667
Pop_and_RnB,2008-11,6.757142857142857
Pop_and_RnB,2008-12,7.2
Pop_and_RnB,2009-01,6.750000000000001
Pop_and_RnB,2009-02,6.38
Pop_and_RnB,2009-03,6.730000000000001
Pop_and_RnB,2009-04,6.08125
Pop_and_RnB,2009-05,6.75
Pop_and_RnB,2009-06,6.65
Pop_and_RnB,2009-07,6.6125
Pop_and_RnB,2009-08,6.95952380952381
Pop_and_RnB,2009-09,6.3
Pop_and_RnB,2009-10,6.6125
Pop_and_RnB,2009-11,5.9111111111111105
Pop_and_RnB,2009-12,6.512499999999999
Pop_and_RnB,2010-01,7.3875
Pop_and_RnB,2010-02,6.995
Pop_and_RnB,2010-03,6.614999999999999
Pop_and_RnB,2010-04,7.26
Pop_and_RnB,2010-05,6.925
Pop_and_RnB,2010-06,6.841666666666668
Pop_and_RnB,2010-07,7.177777777777777
Pop_and_RnB,2010-08,7.2
Pop_and_RnB,2010-09,6.722222222222223
Pop_and_RnB,2010-10,7.109999999999999
Pop_and_RnB,2010-11,6.614285714285714
Pop_and_RnB,2010-12,7.833333333333333
Pop_and_RnB,2011-01,7.06
Pop_and_RnB,2011-02,6.383333333333333
Pop_and_RnB,2011-03,6.919230769230769
Pop_and_RnB,2011-04,7.083333333333333
Pop_and_RnB,2011-05,6.783333333333334
Pop_and_RnB,2011-06,6.6071428571428585
Pop_and_RnB,2011-07,6.658333333333332
Pop_and_RnB,2011-08,7.172222222222222
Pop_and_RnB,2011-09,7.166666666666667
Pop_and_RnB,2011-10,6.571428571428571
Pop_and_RnB,2011-11,6.6000000000000005
Pop_and_RnB,2011-12,6.3
Pop_and_RnB,2012-01,7.055555555555555
Pop_and_RnB,2012-02,8.18
Pop_and_RnB,2012-03,5.99375
Pop_and_RnB,2012-04,7.0375
Pop_and_RnB,2012-05,6.749999999999998
Pop_and_RnB,2012-06,5.908333333333332
Pop_and_RnB,2012-07,7.483333333333332
Pop_and_RnB,2012-08,6.933333333333334
Pop_and_RnB,2012-09,6.866666666666666
Pop_and_RnB,2012-10,7.266666666666667
Pop_and_RnB,2012-11,6.166666666666667
Pop_and_RnB,2012-12,5.8125
Pop_and_RnB,2013-01,6.9799999999999995
Pop_and_RnB,2013-02,6.409999999999999
Pop_and_RnB,2013-03,7.234999999999999
Pop_and_RnB,2013-04,7.242857142857143
Pop_and_RnB,2013-05,6.983333333333334
Pop_and_RnB,2013-06,7.26
Pop_and_RnB,2013-07,7.01875
Pop_and_RnB,2013-08,6.959999999999999
Pop_and_RnB,2013-09,7.096969696969697
Pop_and_RnB,2013-10,6.677777777777777
Pop_and_RnB,2013-11,7.041666666666667
Pop_and_RnB,2013-12,7.050000000000001
Pop_and_RnB,2014-01,7.1499999999999995
Pop_and_RnB,2014-02,6.575
Pop_and_RnB,2014-03,6.489999999999999
Pop_and_RnB,2014-04,6.633333333333333
Pop_and_RnB,2014-05,6.784999999999999
Pop_and_RnB,2014-06,7.025
Pop_and_RnB,2014-07,6.483333333333333
Pop_and_RnB,2014-08,6.9
Pop_and_RnB,2014-09,6.535714285714286
Pop_and_RnB,2014-10,6.727777777777778
Pop_and_RnB,2014-11,6.25
Pop_and_RnB,2014-12,8.0
Pop_and_RnB,2015-01,7.327777777777777
Pop_and_RnB,2015-02,6.266666666666667
Pop_and_RnB,2015-03,6.0874999999999995
Pop_and_RnB,2015-04,6.75
Pop_and_RnB,2015-05,7.0928571428571425
Pop_and_RnB,2015-06,6.783333333333333
Pop_and_RnB,2015-07,7.278571428571429
Pop_and_RnB,2015-08,7.433333333333334
Pop_and_RnB,2015-09,6.841666666666666
Pop_and_RnB,2015-10,7.716666666666666
Pop_and_RnB,2015-11,6.783333333333332
Pop_and_RnB,2015-12,7.6000000000000005
Pop_and_RnB,2016-01,6.73125
Pop_and_RnB,2016-02,6.51111111111111
Pop_and_RnB,2016-03,6.242857142857143
Pop_and_RnB,2016-04,7.53125
Pop_and_RnB,2016-05,7.279999999999999
Pop_and_RnB,2016-06,7.158333333333334
Pop_and_RnB,2016-07,6.877272727272726
Pop_and_RnB,2016-08,7.183333333333333
Pop_and_RnB,2016-09,7.075
Pop_and_RnB,2016-10,6.841666666666668
Pop_and_RnB,2016-11,7.094444444444445
Pop_and_RnB,2016-12,6.804761904761905
Pop_and_RnB,2017-01,6.995833333333333
Pop_and_RnB,2017-02,7.03125
Pop_and_RnB,2017-03,6.7142857142857135
Pop_and_RnB,2017-04,6.8999999999999995
Pop_and_RnB,2017-05,7.19
Pop_and_RnB,2017-06,7.331666666666666
Pop_and_RnB,2017-07,6.871428571428572
Pop_and_RnB,2017-08,6.94
Pop_and_RnB,2017-09,6.6428571428571415
Pop_and_RnB,2017-10,7.457142857142857
Pop_and_RnB,2017-11,7.213636363636365
Pop_and_RnB,2017-12,6.8875
Pop_and_RnB,2018-01,6.5875
Pop_and_RnB,2018-02,6.8812500000000005
Pop_and_RnB,2018-03,7.1125
Pop_and_RnB,2018-04,6.611111111111111
Pop_and_RnB,2018-05,6.992307692307692
Pop_and_RnB,2018-06,7.297435897435898
Pop_and_RnB,2018-07,7.1
Pop_and_RnB,2018-08,6.88
Pop_and_RnB,2018-09,6.7875000000000005
Pop_and_RnB,2018-10,7.022222222222222
Pop_and_RnB,2018-11,7.300000000000001
Pop_and_RnB,2018-12,5.8999999999999995
Pop_and_RnB,2019-01,7.031250000000001
Pop_and_RnB,2019-02,7.1
Pop_and_RnB,2019-03,7.105555555555555
Pop_and_RnB,2019-04,6.3066666666666675
Pop_and_RnB,2019-05,7.15
Pop_and_RnB,2019-06,6.116666666666667
Pop_and_RnB,2019-07,6.707692307692307
Pop_and_RnB,2019-08,7.179166666666667
Pop_and_RnB,2019-09,7.55625
Pop_and_RnB,2019-10,7.083333333333333
Pop_and_RnB,2019-11,7.533333333333334
Pop_and_RnB,2019-12,6.6375
Pop_and_RnB,2020-01,6.8062499999999995
Pop_and_RnB,2020-02,6.319230769230769
Pop_and_RnB,2020-03,6.902564102564103
Pop_and_RnB,2020-04,7.072727272727274
Pop_and_RnB,2020-05,7.193939393939394
Pop_and_RnB,2020-06,7.388888888888889
Pop_and_RnB,2020-07,7.318181818181818
Pop_and_RnB,2020-08,6.949999999999999
Pop_and_RnB,2020-09,6.713888888888889
Pop_and_RnB,2020-10,7.088636363636365
Pop_and_RnB,2020-11,7.05
Pop_and_RnB,2020-12,7.044444444444444
Pop_and_RnB,2021-01,7.012499999999999
Pop_and_RnB,2021-02,7.177777777777779
Pop_and_RnB,2021-03,6.7318181818181815
Pop_and_RnB,2021-04,6.964285714285714
Pop_and_RnB,2021-05,6.8999999999999995
Pop_and_RnB,2021-06,6.835000000000001
Pop_and_RnB,2021-07,6.863333333333333
Pop_and_RnB,2021-08,6.96060606060606
Pop_and_RnB,2021-09,6.9
Pop_and_RnB,2021-10,6.881818181818181
Pop_and_RnB,2021-11,6.923076923076923
Pop_and_RnB,2021-12,7.35
Rap,1999-03,9.5
Rap,1999-10,8.7
Rap,1999-11,6.8
Rap,2000-01,5.7
Rap,2000-02,6.5
Rap,2000-03,8.649999999999999
Rap,2000-04,5.8
Rap,2000-05,6.1
Rap,2000-06,6.55
Rap,2000-10,7.2
Rap,2000-12,7.05
Rap,2001-04,8.1
Rap,2001-05,8.3
Rap,2001-06,6.1
Rap,2001-10,7.3
Rap,2001-11,8.333333333333334
Rap,2001-12,6.066666666666667
Rap,2002-01,8.3
Rap,2002-02,7.299999999999999
Rap,2002-03,6.6000000000000005
Rap,2002-04,8.6
Rap,2002-05,7.916666666666667
Rap,2002-06,8.433333333333334
Rap,2002-07,6.757142857142857
Rap,2002-08,6.216666666666666
Rap,2002-09,6.8500000000000005
Rap,2002-10,6.94
Rap,2002-11,6.516666666666667
Rap,2002-12,9.1
Rap,2003-01,7.6
Rap,2003-02,6.845000000000001
Rap,2003-03,7.159999999999999
Rap,2003-04,7.779999999999999
Rap,2003-05,6.88
Rap,2003-06,6.7
Rap,2003-07,6.959999999999999
Rap,2003-08,6.707142857142856
Rap,2003-09,7.308333333333334
Rap,2003-10,7.4
Rap,2003-11,6.261111111111111
Rap,2003-12,7.2
Rap,2004-01,6.65
Rap,2004-02,6.471428571428571
Rap,2004-03,7.078571428571429
Rap,2004-04,6.575
Rap,2004-05,7.659999999999999
Rap,2004-06,6.609999999999999
Rap,2004-07,7.0
Rap,2004-08,7.34375
Rap,2004-09,7.621428571428572
Rap,2004-10,7.042857142857143
Rap,2004-11,6.766666666666667
Rap,2004-12,7.279999999999999
Rap,2005-01,7.433333333333334
Rap,2005-02,7.521428571428571
Rap,2005-03,6.94375
Rap,2005-04,8.6
Rap,2005-05,6.285714285714286
Rap,2005-06,6.3625
Rap,2005-07,7.316666666666666
Rap,2005-08,8.025
Rap,2005-09,7.083333333333333
Rap,2005-10,7.172222222222222
Rap,2005-11,7.3
Rap,2005-12,6.85
Rap,2006-01,6.7
Rap,2006-02,6.5
Rap,2006-03,7.56
Rap,2006-04,6.785714285714286
Rap,2006-05,7.057142857142857
Rap,2006-06,5.6944444444444455
Rap,2006-07,5.275
Rap,2006-08,6.868750000000001
Rap,2006-09,8.55
Rap,2006-10,7.159999999999999
Rap,2006-11,6.291666666666667
Rap,2006-12,7.7875000000000005
Rap,2007-01,6.85
Rap,2007-02,7.25
Rap,2007-03,7.380000000000001
Rap,2007-04,6.0
Rap,2007-05,7.683333333333334
Rap,2007-06,6.8
Rap,2007-07,6.459999999999999
Rap,2007-08,6.949999999999999
Rap,2007-09,5.916666666666667
Rap,2007-10,5.0
Rap,2007-11,6.844999999999999
Rap,2007-12,6.85
Rap,2008-01,6.940909090909091
Rap,2008-02,6.5625
Rap,2008-03,6.5
Rap,2008-04,7.220000000000001
Rap,2008-05,6.7125
Rap,2008-06,6.299999999999999
Rap,2008-07,5.83
Rap,2008-08,6.624999999999999
Rap,2008-09,6.58
Rap,2008-10,5.968750000000001
Rap,2008-11,6.41875
Rap,2008-12,6.7125
Rap,2009-01,7.0375
Rap,2009-02,4.9125000000000005
Rap,2009-03,6.775000000000001
Rap,2009-04,6.1
Rap,2009-05,6.487500000000001
Rap,2009-06,6.933333333333334
Rap,2009-07,6.1000000000000005
Rap,2009-08,6.733333333333333
Rap,2009-09,6.716666666666666
Rap,2009-10,5.9750000000000005
Rap,2009-11,6.1875
Rap,2009-12,6.409999999999999
Rap,2010-01,7.125000000000001
Rap,2010-02,6.5
Rap,2010-03,5.125
Rap,2010-04,6.385714285714286
Rap,2010-05,7.075
Rap,2010-06,6.794444444444445
Rap,2010-07,6.871428571428572
Rap,2010-08,6.616666666666667
Rap,2010-09,7.085714285714286
Rap,2010-10,6.796296296296296
Rap,2010-11,7.204166666666667
Rap,2010-12,6.35
Rap,2011-01,6.428571428571429
Rap,2011-02,6.683333333333334
Rap,2011-03,5.74
Rap,2011-04,7.033333333333333
Rap,2011-05,7.26111111111111
Rap,2011-06,7.707142857142857
Rap,2011-07,6.912499999999999
Rap,2011-08,5.869999999999999
Rap,2011-09,6.9125
Rap,2011-10,7.266666666666667
Rap,2011-11,7.555555555555555
Rap,2011-12,4.93
Rap,2012-01,6.691111111111111
Rap,2012-02,6.3428571428571425
Rap,2012-03,6.696428571428571
Rap,2012-04,7.37
Rap,2012-05,7.8
Rap,2012-06,7.045454545454546
Rap,2012-07,7.635
Rap,2012-08,6.470000000000001
Rap,2012-09,5.792857142857143
Rap,2012-10,6.8999999999999995
Rap,2012-11,6.578571428571428
Rap,2012-12,6.583333333333333
Rap,2013-01,6.56923076923077
Rap,2013-02,7.245454545454546
Rap,2013-03,6.671428571428572
Rap,2013-04,7.279999999999999
Rap,2013-05,6.55
Rap,2013-06,6.590000000000001
Rap,2013-07,6.885
Rap,2013-08,7.300000000000001
Rap,2013-09,6.242857142857142
Rap,2013-10,7.43
Rap,2013-11,6.95
Rap,2013-12,6.75
Rap,2014-01,6.794999999999999
Rap,2014-02,7.766666666666667
Rap,2014-03,7.0
Rap,2014-04,7.0
Rap,2014-05,6.9750000000000005
Rap,2014-06,6.635714285714286
Rap,2014-07,7.219999999999999
Rap,2014-08,6.677777777777778
Rap,2014-09,6.266666666666667
Rap,2014-10,7.864285714285714
Rap,2014-11,7.3
Rap,2014-12,7.033333333333333
Rap,2015-01,6.949999999999999
Rap,2015-02,6.828571428571429
Rap,2015-03,6.991666666666667
Rap,2015-04,6.612500000000002
Rap,2015-05,7.038888888888888
Rap,2015-06,7.3062499999999995
Rap,2015-07,6.688461538461539
Rap,2015-08,7.159090909090907
Rap,2015-09,6.612500000000001
Rap,2015-10,7.095833333333334
Rap,2015-11,7.0227272727272725
Rap,2015-12,7.109999999999999
Rap,2016-01,6.720833333333334
Rap,2016-02,7.196874999999999
Rap,2016-03,6.726666666666668
Rap,2016-04,7.095000000000001
Rap,2016-05,7.127272727272728
Rap,2016-06,7.075
Rap,2016-07,6.820238095238095
Rap,2016-08,7.102941176470588
Rap,2016-09,6.891666666666667
Rap,2016-10,6.995
Rap,2016-11,7.008333333333334
Rap,2016-12,6.5576923076923075
Rap,2017-01,6.95
Rap,2017-02,6.896666666666666
Rap,2017-03,7.443939393939393
Rap,2017-04,7.245
Rap,2017-05,6.709999999999999
Rap,2017-06,7.558333333333333
Rap,2017-07,6.949999999999999
Rap,2017-08,6.92
Rap,2017-09,7.127777777777776
Rap,2017-10,6.859090909090909
Rap,2017-11,6.800000000000001
Rap,2017-12,6.107692307692307
Rap,2018-01,6.892708333333332
Rap,2018-02,6.5807692307692305
Rap,2018-03,6.796428571428572
Rap,2018-04,6.661458333333333
Rap,2018-05,7.11764705882353
Rap,2018-06,6.975
Rap,2018-07,6.891666666666668
Rap,2018-08,7.166666666666667
Rap,2018-09,6.9750000000000005
Rap,2018-10,7.069696969696969
Rap,2018-11,6.944444444444444
Rap,2018-12,6.295
Rap,2019-01,7.344444444444445
Rap,2019-02,7.008333333333334
Rap,2019-03,6.9869047619047615
Rap,2019-04,6.945833333333333
Rap,2019-05,7.21875
Rap,2019-06,7.344999999999999
Rap,2019-07,6.777272727272728
Rap,2019-08,6.549999999999999
Rap,2019-09,6.0200000000000005
Rap,2019-10,6.8392857142857135
Rap,2019-11,7.254545454545454
Rap,2019-12,6.526666666666666
Rap,2020-01,6.676666666666667
Rap,2020-02,7.307407407407407
Rap,2020-03,7.333333333333332
Rap,2020-04,7.023611111111111
Rap,2020-05,6.891666666666667
Rap,2020-06,7.395555555555556
Rap,2020-07,7.06212121212121
Rap,2020-08,7.445833333333333
Rap,2020-09,6.88
Rap,2020-10,7.065
Rap,2020-11,6.961111111111111
Rap,2020-12,6.521428571428571
Rap,2021-01,7.160606060606062
Rap,2021-02,7.027500000000001
Rap,2021-03,7.2790740740740745
Rap,2021-04,7.167777777777777
Rap,2021-05,7.035000000000001
Rap,2021-06,7.111111111111112
Rap,2021-07,6.710714285714286
Rap,2021-08,6.954523809523809
Rap,2021-09,7.0227272727272725
Rap,2021-10,6.592592592592593
Rap,2021-11,7.375
Rap,2021-12,6.9399999999999995
Rock,1999-01,6.75
Rock,1999-02,8.795833333333333
Rock,1999-03,7.237755102040816
Rock,1999-04,6.21904761904762
Rock,1999-05,5.916666666666667
Rock,1999-06,6.291666666666667
Rock,1999-07,6.2299999999999995
Rock,1999-08,6.595833333333334
Rock,1999-09,7.070357142857143
Rock,1999-10,6.963333333333334
Rock,1999-11,7.1450000000000005
Rock,1999-12,5.8500000000000005
Rock,2000-01,6.608928571428572
Rock,2000-02,6.506666666666666
Rock,2000-03,7.051666666666667
Rock,2000-04,6.9006944444444445
Rock,2000-05,5.8798571428571424
Rock,2000-06,7.1885416666666675
Rock,2000-07,7.534722222222222
Rock,2000-08,7.162962962962963
Rock,2000-09,7.392361111111111
Rock,2000-10,7.6305555555555555
Rock,2000-11,6.151388888888889
Rock,2000-12,6.733333333333333
Rock,2001-01,7.09047619047619
Rock,2001-02,6.512738095238096
Rock,2001-03,7.417857142857144
Rock,2001-04,7.703333333333333
Rock,2001-05,6.86345238095238
Rock,2001-06,7.707291666666666
Rock,2001-07,7.008333333333333
Rock,2001-08,7.185714285714286
Rock,2001-09,6.9488095238095235
Rock,2001-10,7.538333333333332
Rock,2001-11,7.258333333333334
Rock,2001-12,7.142261904761905
Rock,2002-01,6.4641666666666655
Rock,2002-02,6.699537037037039
Rock,2002-03,6.559803921568626
Rock,2002-04,6.593560606060604
Rock,2002-05,6.72063492063492
Rock,2002-06,6.348750000000001
Rock,2002-07,6.322916666666666
Rock,2002-08,6.868333333333332
Rock,2002-09,6.602631578947368
Rock,2002-10,6.755416666666666
Rock,2002-11,6.841666666666667
Rock,2002-12,6.763888888888887
Rock,2003-01,6.392982456140352
Rock,2003-02,6.71904761904762
Rock,2003-03,6.792916666666666
Rock,2003-04,6.256666666666666
Rock,2003-05,6.82212962962963
Rock,2003-06,6.685
Rock,2003-07,7.170833333333334
Rock,2003-08,7.1125
Rock,2003-09,6.993083333333334
Rock,2003-10,7.208809523809525
Rock,2003-11,6.352777777777778
Rock,2003-12,7.245238095238095
Rock,2004-01,7.319736842105261
Rock,2004-02,7.107017543859649
Rock,2004-03,6.942105263157895
Rock,2004-04,7.1338333333333335
Rock,2004-05,6.9869047619047615
Rock,2004-06,7.257407407407407
Rock,2004-07,7.044736842105263
Rock,2004-08,6.993181818181821
Rock,2004-09,7.090476190476191
Rock,2004-10,7.181140350877191
Rock,2004-11,6.954385964912282
Rock,2004-12,7.6113636363636346
Rock,2005-01,6.977450980392156
Rock,2005-02,6.808333333333333
Rock,2005-03,7.001159420289855
Rock,2005-04,6.5575833333333335
Rock,2005-05,6.837698412698414
Rock,2005-06,6.903484848484848
Rock,2005-07,6.7015625000000005
Rock,2005-08,6.651304347826087
Rock,2005-09,6.92157894736842
Rock,2005-10,6.931515151515152
Rock,2005-11,6.833174603174603
Rock,2005-12,6.75909090909091
Rock,2006-01,6.44969696969697
Rock,2006-02,6.777631578947369
Rock,2006-03,7.035530303030305
Rock,2006-04,6.9515079365079355
Rock,2006-05,6.900680272108843
Rock,2006-06,6.773650793650792
Rock,2006-07,6.175370370370369
Rock,2006-08,7.146759259259259
Rock,2006-09,6.984499999999999
Rock,2006-10,7.025075757575757
Rock,2006-11,7.113157894736844
Rock,2006-12,6.934848484848485
Rock,2007-01,7.386742424242425
Rock,2007-02,7.018000000000001
Rock,2007-03,6.535227272727272
Rock,2007-04,6.405555555555555
Rock,2007-05,6.721060606060607
Rock,2007-06,6.529416666666668
Rock,2007-07,6.6729166666666675
Rock,2007-08,6.719696969696969
Rock,2007-09,6.744122807017543
Rock,2007-10,6.583333333333334
Rock,2007-11,6.9601851851851855
Rock,2007-12,6.533333333333333
Rock,2008-01,6.962698412698411
Rock,2008-02,6.831349206349208
Rock,2008-03,6.704761904761905
Rock,2008-04,6.888863636363635
Rock,2008-05,6.662698412698412
Rock,2008-06,6.956666666666666
Rock,2008-07,6.935083333333333
Rock,2008-08,6.505416666666667
Rock,2008-09,6.661269841269842
Rock,2008-10,6.751811594202899
Rock,2008-11,7.214215686274509
Rock,2008-12,6.650833333333333
Rock,2009-01,6.587416666666668
Rock,2009-02,6.0135964912280695
Rock,2009-03,6.7182539682539675
Rock,2009-04,6.798833333333333
Rock,2009-05,6.870333333333335
Rock,2009-06,6.289696969696968
Rock,2009-07,6.538787878787878
Rock,2009-08,7.164444444444445
Rock,2009-09,6.951754385964913
Rock,2009-10,6.748030303030301
Rock,2009-11,6.534210526315787
Rock,2009-12,6.663888888888888
Rock,2010-01,6.717916666666666
Rock,2010-02,6.58140350877193
Rock,2010-03,6.6998550724637695
Rock,2010-04,6.787121212121213
Rock,2010-05,6.894736842105263
Rock,2010-06,6.721507936507937
Rock,2010-07,6.04140350877193
Rock,2010-08,6.419912280701754
Rock,2010-09,6.814351851851851
Rock,2010-10,6.806666666666667
Rock,2010-11,6.6520833333333345
Rock,2010-12,7.073333333333335
Rock,2011-01,6.800079365079364
Rock,2011-02,6.6191666666666675
Rock,2011-03,7.040579710144928
Rock,2011-04,6.813809523809523
Rock,2011-05,6.8395833333333345
Rock,2011-06,7.088750000000002
Rock,2011-07,6.787037037037036
Rock,2011-08,6.718981481481482
Rock,2011-09,7.071825396825396
Rock,2011-10,6.749583333333334
Rock,2011-11,6.754411764705884
Rock,2011-12,6.95952380952381
Rock,2012-01,6.87
Rock,2012-02,6.754920634920635
Rock,2012-03,6.680263157894738
Rock,2012-04,6.911574074074075
Rock,2012-05,7.037833333333333
Rock,2012-06,6.604583333333333
Rock,2012-07,6.912222222222223
Rock,2012-08,6.956372549019608
Rock,2012-09,6.901754385964914
Rock,2012-10,7.018939393939394
Rock,2012-11,6.833333333333334
Rock,2012-12,7.199999999999999
Rock,2013-01,6.682407407407407
Rock,2013-02,6.688596491228069
Rock,2013-03,6.941269841269841
Rock,2013-04,6.795833333333336
Rock,2013-05,7.136250000000001
Rock,2013-06,6.9647058823529395
Rock,2013-07,6.712962962962963
Rock,2013-08,6.705882352941177
Rock,2013-09,6.570416666666668
Rock,2013-10,7.088333333333333
Rock,2013-11,6.966666666666667
Rock,2013-12,6.471428571428572
Rock,2014-01,6.61078431372549
Rock,2014-02,6.99537037037037
Rock,2014-03,7.208333333333333
Rock,2014-04,6.965833333333333
Rock,2014-05,6.96
Rock,2014-06,7.137254901960785
Rock,2014-07,7.027450980392158
Rock,2014-08,6.648437500000001
Rock,2014-09,6.494999999999999
Rock,2014-10,6.803333333333335
Rock,2014-11,6.954761904761905
Rock,2014-12,7.1194444444444445
Rock,2015-01,7.01439393939394
Rock,2015-02,6.6375
Rock,2015-03,6.852916666666667
Rock,2015-04,6.968939393939393
Rock,2015-05,6.652941176470588
Rock,2015-06,6.6842105263157885
Rock,2015-07,6.845833333333333
Rock,2015-08,6.782222222222222
Rock,2015-09,6.877857142857143
Rock,2015-10,7.274074074074075
Rock,2015-11,6.802083333333334
Rock,2015-12,6.541666666666667
Rock,2016-01,6.678125
Rock,2016-02,7.228070175438597
Rock,2016-03,6.699206349206349
Rock,2016-04,7.154824561403508
Rock,2016-05,7.2086956521739145
Rock,2016-06,6.6825438596491225
Rock,2016-07,7.321875
Rock,2016-08,6.971666666666667
Rock,2016-09,7.534166666666667
Rock,2016-10,6.974074074074075
Rock,2016-11,7.159523809523809
Rock,2016-12,6.922222222222222
Rock,2017-01,6.983333333333333
Rock,2017-02,7.1460317460317455
Rock,2017-03,7.356159420289855
Rock,2017-04,7.1268518518518515
Rock,2017-05,7.253623188405798
Rock,2017-06,7.090350877192981
Rock,2017-07,6.947222222222223
Rock,2017-08,7.0210526315789465
Rock,2017-09,7.260185185185185
Rock,2017-10,6.9787037037037045
Rock,2017-11,7.156862745098039
Rock,2017-12,6.564285714285715
Rock,2018-01,7.208771929824563
Rock,2018-02,6.8500000000000005
Rock,2018-03,7.129333333333334
Rock,2018-04,6.792187499999999
Rock,2018-05,7.417424242424243
Rock,2018-06,7.201851851851853
Rock,2018-07,7.263333333333333
Rock,2018-08,6.936904761904763
Rock,2018-09,7.3
Rock,2018-10,7.0
Rock,2018-11,6.642708333333333
Rock,2018-12,7.293589743589743
Rock,2019-01,7.06
Rock,2019-02,6.609803921568627
Rock,2019-03,7.187333333333335
Rock,2019-04,6.992063492063491
Rock,2019-05,7.323750000000001
Rock,2019-06,7.108823529411764
Rock,2019-07,7.239285714285714
Rock,2019-08,7.044202898550724
Rock,2019-09,6.751136363636363
Rock,2019-10,7.234057971014494
Rock,2019-11,7.500000000000001
Rock,2019-12,7.196969696969697
Rock,2020-01,6.810526315789472
Rock,2020-02,6.950925925925926
Rock,2020-03,7.1147058823529425
Rock,2020-04,7.216666666666667
Rock,2020-05,7.317129629629629
Rock,2020-06,7.117592592592593
Rock,2020-07,7.336507936507936
Rock,2020-08,7.174166666666667
Rock,2020-09,7.274074074074075
Rock,2020-10,7.1125
Rock,2020-11,7.646153846153846
Rock,2020-12,6.85
Rock,2021-01,7.315384615384614
Rock,2021-02,7.008333333333333
Rock,2021-03,7.437037037037038
Rock,2021-04,7.347222222222222
Rock,2021-05,7.332352941176471
Rock,2021-06,7.121874999999999
Rock,2021-07,7.028174603174604
Rock,2021-08,7.152941176470588
Rock,2021-09,7.269298245614036
Rock,2021-10,7.354166666666667
Rock,2021-11,7.5055555555555555
Rock,2021-12,7.26
